{
  "best_cider": {
    "epoch": 39,
    "value": 0.3712747543322889,
    "BLEU-4": 0.0656020596901341
  },
  "best_bleu4": {
    "epoch": 44,
    "value": 0.0688718751019109,
    "CIDEr": 0.3677891684408809
  },
  "final_epoch": {
    "epoch": 49,
    "CIDEr": 0.3613827778602635,
    "BLEU-4": 0.0669678583473876,
    "METEOR": 0.2685242756100843
  }
}